,radius(m),density(kg/m^3),radius(km),g,E
0,0.0,13088.5,0.0,9.81,0.0
1,12858.0,13088.46,12.858,9.790201384398054,1647606880.1432486
2,25716.0,13088.36,25.716,9.770402768796108,3288524760.503634
3,38574.0,13088.18,38.574,9.75060415319416,4922723704.239146
4,51432.0,13087.92,51.432,9.730805537592216,6550174018.8955555
5,64289.0,13087.6,64.289,9.711008461779942,8170732944.606564
6,77147.0,13087.2,77.147,9.691209846177994,9784615843.23569
7,90005.0,13086.74,90.005,9.671411230576048,11391684814.907629
8,102863.0,13086.2,102.863,9.651612614974102,12991898597.39235
9,115721.0,13085.58,115.721,9.631813999372156,14585228659.068039
10,128579.0,13084.9,128.579,9.61201538377021,16171671430.767195
11,141437.0,13084.14,141.437,9.592216768168264,17751178983.218525
12,154295.0,13083.32,154.295,9.572418152566316,19323753026.940254
13,167153.0,13082.42,167.153,9.55261953696437,20889341228.698227
14,180011.0,13081.44,180.011,9.532820921362424,22447916217.71256
15,192868.0,13080.4,192.868,9.51302384555015,23999367013.363064
16,205726.0,13079.28,205.726,9.493225229948203,25543876395.48209
17,218584.0,13078.1,218.584,9.473426614346257,27081338033.5412
18,231442.0,13076.84,231.442,9.453627998744311,28611688778.04752
19,244300.0,13075.5,244.3,9.433829383142365,30134902419.05361
20,257158.0,13074.1,257.158,9.414030767540417,31651001408.86629
21,270016.0,13072.62,270.016,9.394232151938471,33159916236.43378
22,282874.0,13071.08,282.874,9.374433536336525,34661674430.09372
23,295732.0,13069.46,295.732,9.35463492073458,36156202278.48636
24,308589.0,13067.76,308.589,9.334837844922305,37643358956.41072
25,321447.0,13066.0,321.447,9.315039229320359,39123411630.31516
26,334305.0,13064.17,334.305,9.295240613718413,40596195145.97464
27,347163.0,13062.26,347.163,9.275441998116465,42061656335.33199
28,360021.0,13060.28,360.021,9.255643382514519,43519804403.2605
29,372879.0,13058.23,372.879,9.235844766912573,44970618825.55852
30,385737.0,13056.1,385.737,9.216046151310627,46414043742.16383
31,398595.0,13053.91,398.595,9.19624753570868,47850129049.87041
32,411453.0,13051.64,411.453,9.176448920106735,49278782670.694565
33,424311.0,13049.3,424.311,9.156650304504788,50700020500.76609
34,437168.0,13046.89,437.168,9.136853228692512,52113712675.32708
35,450026.0,13044.4,450.026,9.117054613090568,53520020326.93644
36,462884.0,13041.85,462.884,9.09725599748862,54918894458.99896
37,475742.0,13039.22,475.742,9.077457381886674,56310233144.61761
38,488600.0,13036.52,488.6,9.057658766284728,57694058843.80085
39,501458.0,13033.75,501.458,9.037860150682782,59070353201.280266
40,514316.0,13030.9,514.316,9.018061535080836,60439051694.29339
41,527174.0,13027.99,527.174,8.998262919478888,61800228102.74793
42,540032.0,13025.0,540.032,8.978464303876942,63153770905.240326
43,552889.0,13021.94,552.889,8.95866722806467,64499603425.264175
44,565747.0,13018.81,565.747,8.938868612462722,65837920079.31215
45,578605.0,13015.6,578.605,8.919069996860776,67168546090.46751
46,591463.0,13012.33,591.463,8.89927138125883,68491566798.26023
47,604321.0,13008.98,604.321,8.879472765656883,69806861341.50264
48,617179.0,13005.56,617.179,8.859674150054937,71114464926.20517
49,630037.0,13002.07,630.037,8.839875534452991,72414361366.03261
50,642895.0,12998.5,642.895,8.820076918851044,73706477984.65552
51,655753.0,12994.87,655.753,8.800278303249097,74990911426.82886
52,668611.0,12991.16,668.611,8.780479687647151,76267531745.99562
53,681468.0,12987.38,681.468,8.760682611834877,77536280179.87506
54,694326.0,12983.53,694.326,8.740883996232931,78797342471.2243
55,707184.0,12979.6,707.184,8.721085380630985,80050541363.916
56,720042.0,12975.61,720.042,8.701286765029039,81295984553.19806
57,732900.0,12971.54,732.9,8.681488149427093,82533533261.85873
58,745758.0,12967.4,745.758,8.661689533825145,83763234932.7771
59,758616.0,12963.19,758.616,8.641890918223199,84985075548.5512
60,771474.0,12958.91,771.474,8.622092302621253,86199041305.61827
61,784332.0,12954.55,784.332,8.602293687019307,87405051143.71277
62,797189.0,12950.12,797.189,8.582496611207032,88603062012.96715
63,810047.0,12945.62,810.047,8.562697995605086,89793251808.36877
64,822905.0,12941.05,822.905,8.54289938000314,90975511803.40622
65,835763.0,12936.41,835.763,8.523100764401192,92149829278.97922
66,848621.0,12931.69,848.621,8.503302148799248,93316119569.0191
67,861479.0,12926.9,861.479,8.4835035331973,94474440697.32448
68,874337.0,12922.04,874.337,8.463704917595354,95624780601.5873
69,887195.0,12917.11,887.195,8.443906301993408,96767127433.33867
70,900053.0,12912.11,900.053,8.424107686391462,97901469557.94908
71,912911.0,12907.03,912.911,8.404309070789516,99027718830.76633
72,925768.0,12901.88,925.768,8.38451199497724,100145849189.55562
73,938626.0,12896.66,938.626,8.364713379375296,101256029772.42291
74,951484.0,12891.37,951.484,8.34491476377335,102358159483.96759
75,964342.0,12886.01,964.342,8.325116148171402,103452227774.0225
76,977200.0,12880.57,977.2,8.305317532569456,104538143146.69702
77,990058.0,12875.07,990.058,8.28551891696751,105616056926.7485
78,1002916.0,12869.49,1002.916,8.265720301365564,106685796024.70483
79,1015774.0,12863.83,1015.774,8.245921685763616,107747348160.66467
80,1028632.0,12858.11,1028.632,8.22612307016167,108800870532.18314
81,1041489.0,12852.31,1041.489,8.206325994349397,109846100661.81277
82,1054347.0,12846.45,1054.347,8.18652737874745,110883369867.20624
83,1067205.0,12840.51,1067.205,8.166728763145503,111912412145.21997
84,1080063.0,12834.5,1080.063,8.146930147543557,112933304368.76326
85,1092921.0,12828.41,1092.921,8.127131531941611,113945949333.47502
86,1105779.0,12822.26,1105.779,8.107332916339663,114950515692.15741
87,1118637.0,12816.03,1118.637,8.087534300737719,115946817029.12596
88,1131495.0,12809.73,1131.495,8.067735685135773,116934934443.06606
89,1144353.0,12803.36,1144.353,8.047937069533825,117914860423.37524
90,1157211.0,12796.91,1157.211,8.028138453931879,118886494770.78912
91,1170068.0,12790.4,1170.068,8.008341378119605,119849936020.85042
92,1182926.0,12783.81,1182.926,7.988542762517658,120805150028.0306
93,1195784.0,12777.15,1195.784,7.968744146915712,121752143121.72606
94,1208642.0,12770.42,1208.642,7.9489455313137665,122690908875.7968
95,1221500.0,12763.61,1221.5,7.9291469157118195,123621344223.41249
96,1221500.0,12166.33,1221.5,7.9291469157118195,117836416880.93181
97,1234332.0,12159.72,1234.332,7.909388334641344,118713049654.88002
98,1247165.0,12153.05,1247.165,7.889628213781196,119581979268.49345
99,1259997.0,12146.32,1259.997,7.869869632710722,120443056425.79073
100,1272830.0,12139.54,1272.83,7.850109511850572,121296522110.97142
101,1285662.0,12132.7,1285.662,7.830350930780098,122142131061.93474
102,1298494.0,12125.8,1298.494,7.810592349709622,122979952149.18616
103,1311327.0,12118.85,1311.327,7.7908322288494745,123810154510.47292
104,1324159.0,12111.84,1324.159,7.771073647778999,124632494258.8564
105,1336991.0,12104.78,1336.991,7.751315066708523,125447142872.42537
106,1349824.0,12097.65,1349.824,7.731554945848376,126253959760.72597
107,1362656.0,12090.47,1362.656,7.711796364777901,127053013356.79138
108,1375489.0,12083.23,1375.489,7.692036243917752,127844334197.91982
109,1388321.0,12075.93,1388.321,7.672277662847278,128627785154.03204
110,1401153.0,12068.57,1401.153,7.652519081776801,129403432372.09628
111,1413986.0,12061.15,1413.986,7.632758960916654,130171340110.51392
112,1426818.0,12053.67,1426.818,7.613000379846178,130931374893.58675
113,1439651.0,12046.14,1439.651,7.593240258986031,131683775944.18059
114,1452483.0,12038.54,1452.483,7.573481677915555,132428194275.37874
115,1465315.0,12030.88,1465.315,7.55372309684508,133164802982.34068
116,1478148.0,12023.16,1478.148,7.533962975984933,133893664653.29852
117,1490980.0,12015.38,1490.98,7.514204394914456,134614651892.60371
118,1503812.0,12007.54,1503.812,7.494445813843981,135327828169.61365
119,1516645.0,11999.64,1516.645,7.474685692983834,136033255073.93976
120,1529477.0,11991.68,1529.477,7.454927111913357,136730808851.0827
121,1542310.0,11983.66,1542.31,7.43516699105321,137420612612.2071
122,1555142.0,11975.57,1555.142,7.415408409982734,138102429707.01782
123,1567974.0,11967.42,1567.974,7.395649828912259,138776435977.17758
124,1580807.0,11959.21,1580.807,7.375889708052112,139442691369.44757
125,1593639.0,11950.94,1593.639,7.356131126981636,140101078200.61496
126,1606472.0,11942.6,1606.472,7.336371006121489,140751597513.1429
127,1619304.0,11934.2,1619.304,7.316612425051013,141394250655.39285
128,1632136.0,11925.73,1632.136,7.2968538439805375,142028978711.803
129,1644969.0,11917.2,1644.969,7.277093723120389,142655957866.7243
130,1657801.0,11908.61,1657.801,7.2573351420499135,143275076506.61798
131,1670634.0,11899.95,1670.634,7.237575021189767,143886328437.66373
132,1683466.0,11891.23,1683.466,7.217816440119291,144489724178.0949
133,1696298.0,11882.44,1696.298,7.198057859048816,145085200189.04926
134,1709131.0,11873.59,1709.131,7.178297738188668,145672934101.69153
135,1721963.0,11864.67,1721.963,7.158539157118192,146252697086.29672
136,1734795.0,11855.68,1734.795,7.138780576047717,146824545008.10742
137,1747628.0,11846.63,1747.628,7.119020455187568,147388656322.4459
138,1760460.0,11837.52,1760.46,7.099261874117093,147944929100.4067
139,1773293.0,11828.33,1773.293,7.079501753256947,148493220345.42053
140,1786125.0,11819.08,1786.125,7.0597431721864705,149033679384.7713
141,1798957.0,11809.76,1798.957,7.039984591115995,149566235593.45343
142,1811790.0,11800.38,1811.79,7.020224470255847,150091068702.53244
143,1824622.0,11790.92,1824.622,7.000465889185372,150607827352.5842
144,1837455.0,11781.4,1837.455,6.980705768325223,151116868838.40247
145,1850287.0,11771.81,1850.287,6.960947187254748,151617970886.5273
146,1863119.0,11762.15,1863.119,6.941188606184272,152111186367.04727
147,1875952.0,11752.42,1875.952,6.9214284853241255,152596566343.94992
148,1888784.0,11742.63,1888.784,6.90166990425365,153074149760.73718
149,1901616.0,11732.76,1901.616,6.881911323183174,153543728406.01843
150,1914449.0,11722.82,1914.449,6.862151202323027,154005482316.2254
151,1927281.0,11712.82,1927.281,6.842392621252551,154459455608.1412
152,1940114.0,11702.74,1940.114,6.822632500392403,154905481037.57233
153,1952946.0,11692.59,1952.946,6.802873919321927,155343604655.67325
154,1965778.0,11682.38,1965.778,6.783115338251451,155774010347.07007
155,1978611.0,11672.09,1978.611,6.763355217391305,156196480663.01422
156,1991443.0,11661.73,1991.443,6.743596636320829,156611066781.9666
157,2004276.0,11651.29,2004.276,6.723836515460682,157017726002.94724
158,2017108.0,11640.79,2017.108,6.704077934390206,157416648135.60895
159,2029940.0,11630.21,2029.94,6.68431935331973,157807612303.66333
160,2042773.0,11619.57,2042.773,6.664559232459583,158190936755.8691
161,2055605.0,11608.85,2055.605,6.644800651389106,158566274044.9555
162,2068437.0,11598.05,2068.437,6.625042070318631,158933671089.54004
163,2081270.0,11587.18,2081.27,6.605281949458485,159293310540.62476
164,2094102.0,11576.24,2094.102,6.585523368388009,159645120416.81628
165,2106935.0,11565.23,2106.935,6.565763247527861,159989186562.78098
166,2119767.0,11554.14,2119.767,6.546004666457385,160325300641.76694
167,2132599.0,11542.98,2132.599,6.5262460853869095,160653647443.00226
168,2145432.0,11531.74,2145.432,6.506485964526762,160974132496.47186
169,2158264.0,11520.43,2158.264,6.4867273834562855,161286828613.54288
170,2171097.0,11509.04,2171.097,6.46696726259614,161591677399.12317
171,2183929.0,11497.58,2183.929,6.447208681525664,161888754903.9692
172,2196761.0,11486.04,2196.761,6.4274501004551885,162177965445.37613
173,2209594.0,11474.42,2209.594,6.40768997959504,162459351625.44086
174,2222426.0,11462.73,2222.426,6.3879313985245645,162732994313.54346
175,2235259.0,11450.97,2235.259,6.368171277664417,162998971731.02023
176,2248091.0,11439.12,2248.091,6.348412696593941,163256940887.06985
177,2260923.0,11427.2,2260.923,6.328654115523467,163507229907.12918
178,2273756.0,11415.2,2273.756,6.308893994663319,163749737801.23917
179,2286588.0,11403.13,2286.588,6.2891354135928434,163984553335.60434
180,2299420.0,11390.97,2299.42,6.269376832522368,164211431576.9194
181,2312253.0,11378.74,2312.253,6.249616711662219,164430701114.96286
182,2325085.0,11366.43,2325.085,6.229858130591744,164642166722.71683
183,2337918.0,11354.04,2337.918,6.210098009731596,164845899625.0945
184,2350750.0,11341.57,2350.75,6.190339428661121,165041850817.67767
185,2363582.0,11329.03,2363.582,6.170580847590646,165230207257.30396
186,2376415.0,11316.4,2376.415,6.150820726730498,165410717004.89175
187,2389247.0,11303.69,2389.247,6.131062145660023,165583480187.73245
188,2402080.0,11290.91,2402.08,6.111302024799874,165748711242.78082
189,2414912.0,11278.04,2414.912,6.0915434437294,165906073888.5702
190,2427744.0,11265.09,2427.744,6.071784862658923,166055754538.70245
191,2440577.0,11252.06,2440.577,6.052024741798776,166197791458.70142
192,2453409.0,11238.95,2453.409,6.0322661607283,166332145244.8856
193,2466241.0,11225.76,2466.241,6.012507579657825,166458855124.64487
194,2479074.0,11212.49,2479.074,5.992747458797678,166577958673.64636
195,2491906.0,11199.14,2491.906,5.972988877727202,166689420061.1596
196,2504739.0,11185.7,2504.739,5.953228756867054,166793152159.68155
197,2517571.0,11172.18,2517.571,5.933470175796578,166889270091.65344
198,2530403.0,11158.58,2530.403,5.913711594726103,166977811949.93982
199,2543236.0,11144.9,2543.236,5.893951473865956,167058814193.25687
200,2556068.0,11131.13,2556.068,5.874192892795479,167132096777.62613
201,2568901.0,11117.28,2568.901,5.854432771935332,167197867882.79266
202,2581733.0,11103.34,2581.733,5.834674190864857,167255949347.94086
203,2594565.0,11089.32,2594.565,5.814915609794381,167306528317.07608
204,2607398.0,11075.22,2607.398,5.795155488934233,167349640170.1657
205,2620230.0,11061.03,2620.23,5.775396907863757,167385109587.491
206,2633063.0,11046.76,2633.063,5.755636787003611,167413142579.7243
207,2645895.0,11032.4,2645.895,5.735878205933135,167433565742.05026
208,2658727.0,11017.96,2658.727,5.71611962486266,167446566324.78455
209,2671560.0,11003.43,2671.56,5.696359504002511,167452026471.69647
210,2684392.0,10988.81,2684.392,5.676600922932036,167449927446.4734
211,2697224.0,10974.11,2697.224,5.6568423418615605,167440456526.1936
212,2710057.0,10959.32,2710.057,5.637082221001413,167423494659.6905
213,2722889.0,10944.45,2722.889,5.6173236399309365,167399179611.70184
214,2735722.0,10929.48,2735.722,5.59756351907079,167367254927.74075
215,2748554.0,10914.43,2748.554,5.577804938000314,167328013861.0111
216,2761386.0,10899.3,2761.386,5.5580463569298395,167281490693.4318
217,2774219.0,10884.07,2774.219,5.53828623606969,167227410855.48547
218,2787051.0,10868.76,2787.051,5.5185276549992155,167166072152.46024
219,2799884.0,10853.36,2799.884,5.498767534139068,167097367200.08798
220,2812716.0,10837.87,2812.716,5.479008953068592,167021289018.60986
221,2825548.0,10822.29,2825.548,5.459250371998117,166937870462.8577
222,2838381.0,10806.62,2838.381,5.439490251137969,166847142877.01837
223,2851213.0,10790.86,2851.213,5.419731670067494,166749102779.58496
224,2864045.0,10775.01,2864.045,5.399973088997019,166643782506.82318
225,2876878.0,10759.08,2876.878,5.38021296813687,166531367680.20337
226,2889710.0,10743.05,2889.71,5.360454387066395,166411548851.03793
227,2902543.0,10726.93,2902.543,5.340694266206247,166284521852.2527
228,2915375.0,10710.72,2915.375,5.320935685135772,166150288986.863
229,2928207.0,10694.42,2928.207,5.301177104065296,166008881749.70554
230,2941040.0,10678.03,2941.04,5.2814169832051485,165860330162.32053
231,2953872.0,10661.54,2953.872,5.261658402134673,165704484547.2981
232,2966705.0,10644.97,2966.705,5.2418982812745245,165541693837.66397
233,2979537.0,10628.3,2979.537,5.222139700204051,165371655137.12762
234,2992369.0,10611.54,2992.369,5.202381119133574,165194554566.66544
235,3005202.0,10594.69,3005.202,5.182620998273427,165010421376.01205
236,3018034.0,10577.74,3018.034,5.162862417202951,164819111196.47638
237,3030866.0,10560.7,3030.866,5.143103836132475,164620809943.80685
238,3043699.0,10543.57,3043.699,5.123343715272328,164415546426.06516
239,3056531.0,10526.34,3056.531,5.103585134201852,164203179496.20337
240,3069364.0,10509.02,3069.364,5.083825013341704,163983898589.12454
241,3082196.0,10491.61,3082.196,5.06406643227123,163757720807.36914
242,3095028.0,10474.1,3095.028,5.044307851200754,163524519523.26654
243,3107861.0,10456.49,3107.861,5.024547730340607,163284322725.44485
244,3120693.0,10438.79,3120.693,5.00478914927013,163037306973.79578
245,3133526.0,10421.0,3133.526,4.985029028409983,162783503020.78198
246,3146358.0,10403.1,3146.358,4.965270447339507,162522621106.18433
247,3159190.0,10385.12,3159.19,4.945511866269031,162255158664.00797
248,3172023.0,10367.03,3172.023,4.925751745408883,161980674428.34894
249,3184855.0,10348.85,3184.855,4.905993164338408,161699506886.49484
250,3197688.0,10330.58,3197.688,4.886233043478261,161411684073.17496
251,3210520.0,10312.2,3210.52,4.866474462407786,161116921733.6201
252,3223352.0,10293.73,3223.352,4.84671588133731,160815560545.0297
253,3236185.0,10275.16,3236.185,4.826955760477162,160507471127.31323
254,3249017.0,10256.5,3249.017,4.807197179406686,160192841246.8334
255,3261849.0,10237.73,3261.849,4.7874385983362115,159871386381.43805
256,3274682.0,10218.87,3274.682,4.767678477476064,159543445443.11002
257,3287514.0,10199.9,3287.514,4.747919896405588,159208741043.86856
258,3300347.0,10180.84,3300.347,4.72815977554544,158867609372.01608
259,3313179.0,10161.68,3313.179,4.708401194474964,158519931388.48584
260,3326011.0,10142.42,3326.011,4.68864261340449,158165734473.65164
261,3338844.0,10123.06,3338.844,4.668882492544341,157805044736.10822
262,3351676.0,10103.6,3351.676,4.649123911473866,157437902539.9685
263,3364509.0,10084.04,3364.509,4.629363790613718,157064329434.95993
264,3377341.0,10064.38,3377.341,4.609605209543243,156684367954.08597
265,3390173.0,10044.62,3390.173,4.589846628472768,156298045032.86032
266,3403006.0,10024.76,3403.006,4.57008650761262,155905386366.76263
267,3415838.0,10004.79,3415.838,4.550327926542144,155506282286.21915
268,3428670.0,9984.73,3428.67,4.530569345471669,155101070436.07397
269,3441503.0,9964.56,3441.503,4.510809224611521,154689465523.589
270,3454335.0,9944.29,3454.335,4.491050643541045,154271671957.8704
271,3467168.0,9923.91,3467.168,4.471290522680897,153847552573.19748
272,3480000.0,9903.44,3480.0,4.451531941610423,153417468631.5417
273,3480000.0,5566.46,3480.0,4.451531941610423,86231875231.1047
274,3493636.0,5559.62,3493.636,4.430535369643699,86055567041.04323
275,3507273.0,5552.79,3507.273,4.409537257887302,85876401475.50421
276,3520909.0,5545.96,3520.909,4.388540685920578,85694246132.79024
277,3534545.0,5539.14,3534.545,4.367544113953854,85509261842.97202
278,3548182.0,5532.32,3548.182,4.346546002197457,85321299488.23068
279,3561818.0,5525.51,3561.818,4.3255494302307325,85130536986.2912
280,3575455.0,5518.7,3575.455,4.304551318474338,84936819081.46933
281,3589091.0,5511.89,3589.091,4.283554746507613,84740170503.84528
282,3602727.0,5505.08,3602.727,4.26255817454089,84540596548.48686
283,3616364.0,5498.28,3616.364,4.241560062784493,84338255008.70607
284,3630000.0,5491.48,3630.0,4.220563490817768,84133018194.75812
285,3630000.0,5491.48,3630.0,4.220563490817768,84133018194.75812
286,3642792.0,5485.1,3642.792,4.200866501334171,83937842907.7311
287,3655584.0,5478.72,3655.584,4.181169511850574,83740133392.11998
288,3668377.0,5472.35,3668.377,4.1614709825773035,83540043813.86812
289,3681169.0,5465.98,3681.169,4.1417739930937065,83337446843.73962
290,3693961.0,5459.61,3693.961,4.1220770036101095,83132344180.45679
291,3706753.0,5453.24,3706.753,4.102380014126511,82924745454.07939
292,3719545.0,5446.87,3719.545,4.082683024642913,82714660294.66736
293,3732338.0,5440.5,3732.338,4.062984495369644,82502089170.3182
294,3745130.0,5434.14,3745.13,4.043287505886046,82287211258.04506
295,3757922.0,5427.77,3757.922,4.023590516402448,82069724154.06517
296,3770714.0,5421.41,3770.714,4.003893526918851,81849940108.12642
297,3783506.0,5415.04,3783.506,3.984196537435254,81627566566.4824
298,3796299.0,5408.68,3796.299,3.964498008161984,81402904693.06294
299,3809091.0,5402.32,3809.091,3.944801018678387,81175833274.06117
300,3821883.0,5395.95,3821.883,3.92510402919479,80946201939.15201
301,3834675.0,5389.59,3834.675,3.9054070397111915,80714320582.26093
302,3847468.0,5383.23,3847.468,3.8857085104379223,80480037583.11662
303,3860260.0,5376.86,3860.26,3.8660115209543244,80243235068.0194
304,3873052.0,5370.5,3873.052,3.846314531470727,80004210621.63763
305,3885844.0,5364.13,3885.844,3.8266175419871287,79762675661.13367
306,3898636.0,5357.76,3898.636,3.8069205525035317,79518789054.66376
307,3911429.0,5351.4,3911.429,3.7872220232302625,79272696603.46468
308,3924221.0,5345.03,3924.221,3.7675250337466646,79024135110.42928
309,3937013.0,5338.66,3937.013,3.747828044263067,78773250857.07005
310,3949805.0,5332.29,3949.805,3.72813105477947,78520053473.44687
311,3962597.0,5325.91,3962.597,3.708434065295872,78264405639.32254
312,3975390.0,5319.54,3975.39,3.688735536022603,78006598254.07336
313,3988182.0,5313.16,3988.182,3.6690385465390056,77746373051.95918
314,4000974.0,5306.78,4000.974,3.6493415570554077,77483873882.81764
315,4013766.0,5300.4,4013.766,3.6296445675718094,77219110391.82645
316,4026558.0,5294.02,4026.558,3.609947578088212,76952092224.1633
317,4039351.0,5287.63,4039.351,3.5902490488149432,76682670098.39374
318,4052143.0,5281.24,4052.143,3.570552059331345,76411026976.65625
319,4064935.0,5274.85,4064.935,3.550855069847748,76137158807.17145
320,4077727.0,5268.46,4077.727,3.5311580803641505,75861075250.2348
321,4090519.0,5262.06,4090.519,3.5114610908805535,75582642329.15875
322,4103312.0,5255.66,4103.312,3.4917625616072834,75301999204.3243
323,4116104.0,5249.25,4116.104,3.472065572123685,75019042158.58083
324,4128896.0,5242.85,4128.896,3.452368582640088,74734052398.3443
325,4141688.0,5236.43,4141.688,3.4326715931564906,74446611980.02092
326,4154481.0,5230.02,4154.481,3.412973063883222,74157142621.61348
327,4167273.0,5223.6,4167.273,3.3932760743996235,73865401088.52287
328,4180065.0,5217.18,4180.065,3.3735790849160265,73571523837.41885
329,4192857.0,5210.75,4192.857,3.353882095432428,73275379950.47017
330,4205649.0,5204.32,4205.649,3.33418510594883,72977120555.5214
331,4218442.0,5197.88,4218.442,3.314486576675561,72676599019.02594
332,4231234.0,5191.44,4231.234,3.294789587191963,72373998585.49858
333,4244026.0,5184.99,4244.026,3.2750925977083667,72069173644.98802
334,4256818.0,5178.54,4256.818,3.2553956082247684,71762273768.19048
335,4269610.0,5172.08,4269.61,3.2356986187411714,71453170554.39674
336,4282403.0,5165.62,4282.403,3.2160000894679013,71141995316.05305
337,4295195.0,5159.15,4295.195,3.196303099984304,70828655249.32182
338,4307987.0,5152.68,4307.987,3.176606110500707,70513281019.59116
339,4320779.0,5146.2,4320.779,3.1569091210171085,70195746005.03278
340,4333571.0,5139.71,4333.571,3.1372121315335115,69876061336.13864
341,4346364.0,5133.22,4346.364,3.1175136022602423,69554355321.04684
342,4359156.0,5126.72,4359.156,3.0978166127766444,69230539256.03967
343,4371948.0,5120.22,4371.948,3.078119623293046,68904740749.14673
344,4384740.0,5113.71,4384.74,3.05842263380945,68576835523.07916
345,4397532.0,5107.19,4397.532,3.0387256443258517,68246834829.27254
346,4410325.0,5100.67,4410.325,3.0190271150525825,67914863858.90083
347,4423117.0,5094.14,4423.117,2.9993301255689846,67580838107.71047
348,4435909.0,5087.6,4435.909,2.979633136085387,67244749839.88418
349,4448701.0,5081.05,4448.701,2.9599361466017893,66906610412.6836
350,4461494.0,5074.5,4461.494,2.94023761732852,66566542451.80472
351,4474286.0,5067.94,4474.286,2.9205406278449217,66224464892.91074
352,4487078.0,5061.37,4487.078,2.9008436383613248,65880369402.91259
353,4499870.0,5054.79,4499.87,2.8811466488777273,65534267444.8979
354,4512662.0,5048.21,4512.662,2.8614496593941294,65186299639.74148
355,4525455.0,5041.61,4525.455,2.8417511301208602,64836197926.37343
356,4538247.0,5035.01,4538.247,2.822054140637262,64484273015.526
357,4551039.0,5028.4,4551.039,2.802357151153666,64130386716.052086
358,4563831.0,5021.79,4563.831,2.782660161670068,63774677623.00808
359,4576623.0,5015.16,4576.623,2.7629631721864705,63416902828.46585
360,4589416.0,5008.52,4589.416,2.7432646429132004,63057179874.23111
361,4602208.0,5001.88,4602.208,2.7235676534296034,62695688934.47987
362,4615000.0,4995.22,4615.0,2.703870663946005,62332168994.86862
363,4627792.0,4988.56,4627.792,2.6841736744624067,61966881923.52728
364,4640584.0,4981.89,4640.584,2.6644766849788106,61599714141.654205
365,4653377.0,4975.2,4653.377,2.6447781557055405,61230531883.28431
366,4666169.0,4968.51,4666.169,2.6250811662219435,60859638512.91728
367,4678961.0,4961.81,4678.961,2.605384176738345,60486899915.38498
368,4691753.0,4955.09,4691.753,2.585687187254748,60112206663.021866
369,4704545.0,4948.37,4704.545,2.5659901977711512,59735813896.45913
370,4717338.0,4941.64,4717.338,2.546291668497882,59357588345.881905
371,4730130.0,4934.89,4730.13,2.5265946790142837,58977468938.0994
372,4742922.0,4928.14,4742.922,2.5068976895306867,58595684165.30325
373,4755714.0,4921.37,4755.714,2.4872007000470884,58212007663.72713
374,4768506.0,4914.59,4768.506,2.46750371056349,57826571027.50754
375,4781299.0,4907.8,4781.299,2.4478051812902213,57439362250.96988
376,4794091.0,4901.0,4794.091,2.428108191806623,57050441555.52475
377,4806883.0,4894.19,4806.883,2.408411202323027,56659797156.20667
378,4819675.0,4887.37,4819.675,2.3887142128394285,56267441256.883
379,4832468.0,4880.54,4832.468,2.3690156835661598,55873361337.71863
380,4845260.0,4873.69,4845.26,2.3493186940825614,55477505183.027695
381,4858052.0,4866.83,4858.052,2.3296217045989644,55079975634.66826
382,4870844.0,4859.96,4870.844,2.309924715115366,54680785032.56939
383,4883636.0,4853.08,4883.636,2.2902277256317687,54279945746.89593
384,4896429.0,4846.18,4896.429,2.2705291963585,53877333468.91365
385,4909221.0,4839.27,4909.221,2.2508322068749025,53473124071.44007
386,4922013.0,4832.35,4922.013,2.2311352173913046,53067304651.06049
387,4934805.0,4825.42,4934.805,2.2114382279077063,52659887714.00137
388,4947597.0,4818.47,4947.597,2.19174123842411,52250777358.201164
389,4960390.0,4811.51,4960.39,2.1720427091508387,51840069682.94556
390,4973182.0,4804.53,4973.182,2.152345719667243,51427722707.6341
391,4985974.0,4797.55,4985.974,2.1326487301836448,51013937713.93403
392,4998766.0,4790.54,4998.766,2.1129517407000473,50598408389.55347
393,5011558.0,4783.53,5011.558,2.0932547512164494,50181466452.30331
394,5024351.0,4776.5,5024.351,2.0735562219431802,49762887085.41091
395,5037143.0,4769.45,5037.143,2.053859232459582,49342739197.5582
396,5049935.0,4762.4,5049.935,2.034162242975985,48921216355.91431
397,5062727.0,4755.32,5062.727,2.014465253492388,48498023257.922844
398,5075519.0,4748.24,5075.519,1.9947682640087896,48073480974.48948
399,5088312.0,4741.13,5088.312,1.9750697347355204,47647270933.38029
400,5101104.0,4734.02,5101.104,1.9553727452519223,47219765263.881836
401,5113896.0,4726.89,5113.896,1.9356757557683262,46790749100.91886
402,5126688.0,4719.74,5126.688,1.915978766284728,46360237766.420074
403,5139481.0,4712.58,5139.481,1.8962802370114589,45928315744.15053
404,5152273.0,4705.4,5152.273,1.8765832475278608,45494956046.57538
405,5165065.0,4698.2,5165.065,1.8568862580442635,45060145947.10862
406,5177857.0,4690.99,5177.857,1.8371892685606654,44623996121.48207
407,5190649.0,4683.77,5190.649,1.8174922790770671,44186519816.70078
408,5203442.0,4676.53,5203.442,1.7977937498037981,43747607700.90899
409,5216234.0,4669.27,5216.234,1.778096760320201,43307333458.91781
410,5229026.0,4661.99,5229.026,1.7583997708366037,42865683928.71867
411,5241818.0,4654.7,5241.818,1.7387027813530056,42422766070.769005
412,5254610.0,4647.39,5254.61,1.7190057918694084,41978503001.55666
413,5267403.0,4640.07,5267.403,1.6993072625961383,41532970407.88409
414,5280195.0,4632.73,5280.195,1.6796102731125422,41086152485.214806
415,5292987.0,4625.37,5292.987,1.659913283628944,40638035652.90044
416,5305779.0,4617.99,5305.779,1.6402162941453458,40188636003.88644
417,5318571.0,4610.6,5318.571,1.6205193046617485,39738055880.05942
418,5331364.0,4603.19,5331.364,1.6008207753884796,39286193201.67286
419,5344156.0,4595.76,5344.156,1.5811237859048815,38833124935.068054
420,5356948.0,4588.31,5356.948,1.5614267964212831,38378837113.09983
421,5369740.0,4580.84,5369.74,1.541729806937687,37923346115.95488
422,5382532.0,4573.36,5382.532,1.522032817454089,37466750308.19453
423,5395325.0,4565.86,5395.325,1.50233428818082,37008951458.82527
424,5408117.0,4558.34,5408.117,1.4826372986972216,36550028130.301796
425,5420909.0,4550.8,5420.909,1.4629403092136244,36089965986.52003
426,5433701.0,4543.24,5433.701,1.4432433197300263,35628781694.907745
427,5446494.0,4535.66,5446.494,1.4235447904567573,35166460401.9769
428,5459286.0,4528.07,5459.286,1.40384780097316,34703158573.478775
429,5472078.0,4520.45,5472.078,1.3841508114895618,34238707424.68039
430,5484870.0,4512.82,5484.87,1.3644538220059648,33773276236.697277
431,5497662.0,4505.16,5497.662,1.3447568325223664,33306731393.946575
432,5510455.0,4497.49,5510.455,1.3250583032490975,32839206483.814674
433,5523247.0,4489.79,5523.247,1.3053613137654991,32370635926.247734
434,5536039.0,4482.08,5536.039,1.285664324281903,31901149898.50449
435,5548831.0,4474.35,5548.831,1.265967334798305,31430692580.40005
436,5561623.0,4466.59,5561.623,1.2462703453147077,30959211916.10437
437,5574416.0,4458.82,5574.416,1.2265718160414376,30486831984.51073
438,5587208.0,4451.02,5587.208,1.2068748265578404,30013497974.34414
439,5600000.0,4443.2,5600.0,1.1871778370742423,29539263967.854332
440,5600000.0,4443.2,5600.0,1.1871778370742423,29539263967.854332
441,5614429.0,4434.36,5614.429,1.1649602118976612,29003314697.72618
442,5628857.0,4425.49,5628.857,1.142744126510752,28466270843.261375
443,5643286.0,4416.6,5643.286,1.12052650133417,27928155972.667953
444,5657714.0,4407.68,5657.714,1.098310415947261,27388998306.606705
445,5672143.0,4398.73,5672.143,1.07609279077068,26848757873.007698
446,5686571.0,4389.75,5686.571,1.053876705383771,26307529042.52623
447,5701000.0,4380.74,5701.0,1.0316590802071888,25765271564.65201
448,5701000.0,3992.12,5701.0,1.0316590802071888,23479607536.324596
449,5718500.0,3988.05,5718.5,1.0047127609480455,22913141567.33999
450,5736000.0,3983.97,5736.0,0.9777664416889031,22343969491.108467
451,5753500.0,3979.9,5753.5,0.9508201224297597,21772216371.75306
452,5771000.0,3975.82,5771.0,0.9238738031706173,21197782953.526928
453,5771000.0,3975.82,5771.0,0.9238738031706173,21197782953.526928
454,5784333.0,3959.02,5784.333,0.9033437874744944,20686834733.270844
455,5797667.0,3942.21,5797.667,0.8828122319886984,20177221633.184612
456,5811000.0,3925.41,5811.0,0.8622822162925754,19669138084.59205
457,5824333.0,3908.6,5824.333,0.8417522005964535,19162478715.080425
458,5837667.0,3891.8,5837.667,0.8212206451106575,18657338468.94728
459,5851000.0,3874.99,5851.0,0.8006906294145345,18153711533.320984
460,5864333.0,3858.19,5864.333,0.7801606137184126,17651688530.635963
461,5877667.0,3841.38,5877.667,0.7596290582326156,17151172615.98329
462,5891000.0,3824.58,5891.0,0.7390990425364936,16652345464.269978
463,5904333.0,3807.77,5904.333,0.7185690268403706,16155114660.471128
464,5917667.0,3790.97,5917.667,0.6980374713545747,15659561871.81371
465,5931000.0,3774.16,5931.0,0.6775074556584528,15165694746.906933
466,5944333.0,3757.36,5944.333,0.6569774399623298,14673590491.438435
467,5957667.0,3740.55,5957.667,0.6364458844765338,14183165538.640179
468,5971000.0,3723.75,5971.0,0.6159158687804108,13694588313.451569
469,5971000.0,3543.26,5971.0,0.6159158687804108,13030812215.51404
470,5984846.0,3535.0,5984.846,0.5945959409825778,12579527766.385563
471,5998692.0,3526.73,5998.692,0.5732760131847437,12128093782.928303
472,6012538.0,3518.46,6012.538,0.5519560853869107,11676561689.09047
473,6026385.0,3510.19,6026.385,0.5306346177994036,11224915422.781803
474,6040231.0,3501.92,6040.231,0.5093146900015695,10773230974.048307
475,6054077.0,3493.65,6054.077,0.4879947622037354,10321492358.474403
476,6067923.0,3485.39,6067.923,0.4666748344059024,9869742541.141365
477,6081769.0,3477.12,6081.769,0.4453549066080672,9417938302.708578
478,6095615.0,3468.85,6095.615,0.42403497881023416,8966123834.366434
479,6109462.0,3460.58,6109.462,0.4027135112227271,8514282622.68666
480,6123308.0,3452.31,6123.308,0.38139358342489404,8062491564.622442
481,6137154.0,3444.04,6137.154,0.36007365562705995,7610734220.188985
482,6151000.0,3435.78,6151.0,0.33875372782922586,7159046073.739752
483,6151000.0,3359.49,6151.0,0.33875372782922586,7000082570.556891
484,6165000.0,3361.01,6165.0,0.31719667242191174,6572513823.876784
485,6179000.0,3362.53,6179.0,0.2956396170145977,6142525865.971188
486,6193000.0,3364.05,6193.0,0.2740825616072825,5710115944.435244
487,6207000.0,3365.58,6207.0,0.25252550619996844,5275296981.122332
488,6221000.0,3367.1,6221.0,0.23096845079265432,4838033569.40041
489,6235000.0,3368.62,6235.0,0.20941139538534026,4398339930.797686
490,6249000.0,3370.14,6249.0,0.1878543399780251,3956213312.909301
491,6263000.0,3371.66,6263.0,0.166297284570711,3511650963.330465
492,6277000.0,3373.18,6277.0,0.1447402291633969,3064650129.6563234
493,6291000.0,3374.71,6291.0,0.12318317375608173,2615215808.935478
494,6291000.0,3374.71,6291.0,0.12318317375608173,2615215808.935478
495,6309533.0,3376.72,6309.533,0.09464625176581294,2016488203.5201387
496,6328067.0,3378.73,6328.067,0.06610778998587337,1413439407.12777
497,6346600.0,3380.75,6346.6,0.03757086799560458,806130610.8277713
498,6346600.0,2900.0,6346.6,0.03757086799560458,691497085.3806217
499,6356000.0,2900.0,6356.0,0.023096845079265325,425730287.2390502
500,6356000.0,2600.0,6356.0,0.023096845079265325,381689223.0419071
501,6368000.0,2600.0,6368.0,0.004619369015852629,76481968.9216688
502,6368000.0,1020.0,6368.0,0.004619369015852629,30004464.73080853
503,6371000.0,1020.0,6371.0,0.0,0.0
